{"encoder_version": {"cmdline": ["ffmpeg", "-nostats", "-loglevel", "error", "-y", "-r", "25", "-f", "rawvideo", "-s:v", "500x500", "-pix_fmt", "rgb24", "-i", "-", "-vcodec", "libx264", "-pix_fmt", "yuv420p", "/Users/harshm/Documents/GitHub/cs234/assignment3/results/InvertedPendulum-v1/openaigym.video.0.82840.video000000.mp4"], "version": "ffmpeg version 3.4.1 Copyright (c) 2000-2017 the FFmpeg developers\nbuilt with Apple LLVM version 9.0.0 (clang-900.0.39.2)\nconfiguration: --prefix=/usr/local/Cellar/ffmpeg/3.4.1 --enable-shared --enable-pthreads --enable-version3 --enable-hardcoded-tables --enable-avresample --cc=clang --host-cflags= --host-ldflags= --enable-gpl --enable-libmp3lame --enable-libx264 --enable-libxvid --enable-opencl --enable-videotoolbox --disable-lzma\nlibavutil      55. 78.100 / 55. 78.100\nlibavcodec     57.107.100 / 57.107.100\nlibavformat    57. 83.100 / 57. 83.100\nlibavdevice    57. 10.100 / 57. 10.100\nlibavfilter     6.107.100 /  6.107.100\nlibavresample   3.  7.  0 /  3.  7.  0\nlibswscale      4.  8.100 /  4.  8.100\nlibswresample   2.  9.100 /  2.  9.100\nlibpostproc    54.  7.100 / 54.  7.100\n", "backend": "ffmpeg"}, "content_type": "video/mp4", "episode_id": 0}